text,label,word_count,cleaned_text,tokens,token_count,predicted,correct,predicted_name,actual_name
$SPCE - Virgin Galactic takes off again; +11% https://t.co/on2VqYzlIM,1,9,$SPCE - virgin galactic takes off again 11%,"['$SPCE', '-', 'virgin', 'galactic', 'takes', 'off', 'again', '11%']",8,0,False,Bearish,Bullish
"Exclusive: UK's Labour sticks to 'basic' $20 cyber defense after attacks, emails show",2,13,"exclusive uk's labour sticks to 'basic' $20 cyber defense after attacks, emails show","['exclusive', ""uk's"", 'labour', 'sticks', 'to', ""'basic'"", '$20', 'cyber', 'defense', 'after', 'attacks', 'emails', 'show']",13,0,False,Bearish,Neutral
Probability of a recession pretty low: strategist,1,7,probability of a recession pretty low strategist,"['probability', 'of', 'a', 'recession', 'pretty', 'low', 'strategist']",7,0,False,Bearish,Bullish
Greenhouse gas emissions in the U.S. are forecast to decline by a whopping 7.5% this year https://t.co/nxxvDqphKR,2,17,greenhouse gas emissions in the u.s. are forecast to decline by a whopping 7.5% this year,"['greenhouse', 'gas', 'emissions', 'in', 'the', 'u.s', 'are', 'forecast', 'to', 'decline', 'by', 'a', 'whopping', '7.5%', 'this', 'year']",16,0,False,Bearish,Neutral
$AMBA - Ambarella Will Be Hard Pressed To Keep Going At Its Current Pace. Read more: https://t.co/ihnEpI8rfA… https://t.co/JHXvj8hVEm,0,18,$AMBA - ambarella will be hard pressed to keep going at its current pace. read more,"['$AMBA', '-', 'ambarella', 'will', 'be', 'hard', 'pressed', 'to', 'keep', 'going', 'at', 'its', 'current', 'pace', 'read', 'more']",16,2,False,Neutral,Bearish
$WORX still liking and holding. Adding on any dip.,1,9,$WORX still liking and holding. adding on any dip.,"['$WORX', 'still', 'liking', 'and', 'holding', 'adding', 'on', 'any', 'dip']",9,2,False,Neutral,Bullish
Drug Legislation Likely to Dry Up Biotech Funding,2,8,drug legislation likely to dry up biotech funding,"['drug', 'legislation', 'likely', 'to', 'dry', 'up', 'biotech', 'funding']",8,1,False,Bullish,Neutral
$TOL - Now Is The Time To Build A Position In Toll Brothers. https://t.co/JT5KD745ov #business #finance #economy,1,17,$TOL - now is the time to build a position in toll brothers. business finance economy,"['$TOL', '-', 'now', 'is', 'the', 'time', 'to', 'build', 'a', 'position', 'in', 'toll', 'brothers', 'business', 'finance', 'economy']",16,2,False,Neutral,Bullish
Consumer Insolvencies Approach Record in Debt-Weary Canada,0,7,consumer insolvencies approach record in debt-weary canada,"['consumer', 'insolvencies', 'approach', 'record', 'in', 'debt-weary', 'canada']",7,2,False,Neutral,Bearish
BlackRock Cuts Stake in U.S. Coal Giant After Climate Pledge,2,10,blackrock cuts stake in u.s. coal giant after climate pledge,"['blackrock', 'cuts', 'stake', 'in', 'u.s', 'coal', 'giant', 'after', 'climate', 'pledge']",10,0,False,Bearish,Neutral
"Snap On EPS in-line, misses on revenue",2,7,"snap on eps in-line, misses on revenue","['snap', 'on', 'eps', 'in-line', 'misses', 'on', 'revenue']",7,0,False,Bearish,Neutral
Exxon Mobil : Found Not Guilty of Fraud in Climate-Change Accounting Case #ExxonMobil #Stock #MarketScreener… https://t.co/BAAL3ZX7Af,1,16,exxon mobil found not guilty of fraud in climate-change accounting case exxonmobil stock marketscreener,"['exxon', 'mobil', 'found', 'not', 'guilty', 'of', 'fraud', 'in', 'climate-change', 'accounting', 'case', 'exxonmobil', 'stock', 'marketscreener']",14,2,False,Neutral,Bullish
Direct Lenders Stay in Vogue as Fundraising Tops $23 Billion,2,10,direct lenders stay in vogue as fundraising tops $23 billion,"['direct', 'lenders', 'stay', 'in', 'vogue', 'as', 'fundraising', 'tops', '$23', 'billion']",10,0,False,Bearish,Neutral
$OPGN what a call  !!!!!!!! Sweeeeeeeeeetttttt,1,6,$OPGN what a call sweeeeeeeeeetttttt,"['$OPGN', 'what', 'a', 'call', 'sweeeeeeeeeetttttt']",5,2,False,Neutral,Bullish
"Energy has gone nowhere in the past decade, and it could get worse before it gets better https://t.co/PSDVJKnQ3B",0,18,"energy has gone nowhere in the past decade, and it could get worse before it gets better","['energy', 'has', 'gone', 'nowhere', 'in', 'the', 'past', 'decade', 'and', 'it', 'could', 'get', 'worse', 'before', 'it', 'gets', 'better']",17,2,False,Neutral,Bearish
$LSCC - Lattice Semiconductor Delivering Early On Several Key Promises. Continue reading: https://t.co/PRfw240aHF… https://t.co/cycgxtrJLm,1,14,$LSCC - lattice semiconductor delivering early on several key promises. continue reading,"['$LSCC', '-', 'lattice', 'semiconductor', 'delivering', 'early', 'on', 'several', 'key', 'promises', 'continue', 'reading']",12,2,False,Neutral,Bullish
"On this day in 1893 the trademark ""Coca-Cola"" was registered in the United States Patent Office.",2,16,on this day in 1893 the trademark coca-cola was registered in the united states patent office.,"['on', 'this', 'day', 'in', '1893', 'the', 'trademark', 'coca-cola', 'was', 'registered', 'in', 'the', 'united', 'states', 'patent', 'office']",16,1,False,Bullish,Neutral
Highlight: “There’s going to be a bloodbath in terms of synergy savings and retrenchment…” @InvescoUS's… https://t.co/YPgyDW3rMX,0,16,highlight there s going to be a bloodbath in terms of synergy savings and retrenchment 's,"['highlight', 'there', 's', 'going', 'to', 'be', 'a', 'bloodbath', 'in', 'terms', 'of', 'synergy', 'savings', 'and', 'retrenchment', ""'s""]",16,2,False,Neutral,Bearish
"Sanofi EPS beats by €0.06, misses on revenue",2,8,"sanofi eps beats by 0.06, misses on revenue","['sanofi', 'eps', 'beats', 'by', '0.06', 'misses', 'on', 'revenue']",8,1,False,Bullish,Neutral
EU Trade Commissioner Phil Hogan says a political agreement on the shape of a new trading relationship with the U.K… https://t.co/TrAWPGQl0L,1,21,eu trade commissioner phil hogan says a political agreement on the shape of a new trading relationship with the u.k,"['eu', 'trade', 'commissioner', 'phil', 'hogan', 'says', 'a', 'political', 'agreement', 'on', 'the', 'shape', 'of', 'a', 'new', 'trading', 'relationship', 'with', 'the', 'u.k']",20,2,False,Neutral,Bullish
"The coronavirus will create an ""unprecedented decline in economic activity"" in emerging markets, says Alessandro Re… https://t.co/cgkMbpz6mU",0,17,"the coronavirus will create an unprecedented decline in economic activity in emerging markets, says alessandro re","['the', 'coronavirus', 'will', 'create', 'an', 'unprecedented', 'decline', 'in', 'economic', 'activity', 'in', 'emerging', 'markets', 'says', 'alessandro', 're']",16,2,False,Neutral,Bearish
"$TMUS $S - Texas AG settles with T-Mobile, Sprint https://t.co/Beup6Aqvqv",1,10,"$TMUS $S - texas ag settles with t-mobile, sprint","['$TMUS', '$S', '-', 'texas', 'ag', 'settles', 'with', 't-mobile', 'sprint']",9,2,False,Neutral,Bullish
$LQD - A History Of IG Credit Spreads Suggests Opportunity. https://t.co/AdkNzNC1Y3 #investing #finance #business,1,14,$LQD - a history of ig credit spreads suggests opportunity. investing finance business,"['$LQD', '-', 'a', 'history', 'of', 'ig', 'credit', 'spreads', 'suggests', 'opportunity', 'investing', 'finance', 'business']",13,2,False,Neutral,Bullish
Kremlin says efforts to persuade Mexico to join oil cuts deal persist - TASS https://t.co/y1cgLM7HAe https://t.co/mijGuCKi8S,2,16,kremlin says efforts to persuade mexico to join oil cuts deal persist - tass,"['kremlin', 'says', 'efforts', 'to', 'persuade', 'mexico', 'to', 'join', 'oil', 'cuts', 'deal', 'persist', '-', 'tass']",14,0,False,Bearish,Neutral
California governor rejects $13.5 billion PG&E settlement,0,7,california governor rejects $13.5 billion pg e settlement,"['california', 'governor', 'rejects', '$13.5', 'billion', 'pg', 'e', 'settlement']",8,2,False,Neutral,Bearish
$DPW non stop !!!!! new HOD !!! Shorts are getting squeezed... hope to see the same on $INPX tomorrow,1,19,$DPW non stop new hod shorts are getting squeezed... hope to see the same on $INPX tomorrow,"['$DPW', 'non', 'stop', 'new', 'hod', 'shorts', 'are', 'getting', 'squeezed', 'hope', 'to', 'see', 'the', 'same', 'on', '$INPX', 'tomorrow']",17,2,False,Neutral,Bullish
Kodak Is Having a Comeback Moment as Oscars Embrace Film,1,10,kodak is having a comeback moment as oscars embrace film,"['kodak', 'is', 'having', 'a', 'comeback', 'moment', 'as', 'oscars', 'embrace', 'film']",10,0,False,Bearish,Bullish
JPMorgan under the microscope for metals spoofing,0,7,jpmorgan under the microscope for metals spoofing,"['jpmorgan', 'under', 'the', 'microscope', 'for', 'metals', 'spoofing']",7,2,False,Neutral,Bearish
Asian Shares Tumble as Trump Threatens Higher Tariffs,0,8,asian shares tumble as trump threatens higher tariffs,"['asian', 'shares', 'tumble', 'as', 'trump', 'threatens', 'higher', 'tariffs']",8,1,False,Bullish,Bearish
Vodafone Idea To Drop Brand ‘Idea’ From Postpaid Services,2,9,vodafone idea to drop brand idea from postpaid services,"['vodafone', 'idea', 'to', 'drop', 'brand', 'idea', 'from', 'postpaid', 'services']",9,0,False,Bearish,Neutral
Natural Gas Prices To Trade Sideways With Near-Term Weather Being Variable; Upside Potential Still On Table Longer… https://t.co/uM9WXN9x2M,2,18,natural gas prices to trade sideways with near-term weather being variable upside potential still on table longer,"['natural', 'gas', 'prices', 'to', 'trade', 'sideways', 'with', 'near-term', 'weather', 'being', 'variable', 'upside', 'potential', 'still', 'on', 'table', 'longer']",17,1,False,Bullish,Neutral
Cipla’s India Arm Will Show Market-Beating Growth In Next Few Quarters: CEO Vohra,1,13,cipla s india arm will show market-beating growth in next few quarters ceo vohra,"['cipla', 's', 'india', 'arm', 'will', 'show', 'market-beating', 'growth', 'in', 'next', 'few', 'quarters', 'ceo', 'vohra']",14,0,False,Bearish,Bullish
Virus Fallout Lays Bare Vulnerability of Persian Gulf Assets,2,9,virus fallout lays bare vulnerability of persian gulf assets,"['virus', 'fallout', 'lays', 'bare', 'vulnerability', 'of', 'persian', 'gulf', 'assets']",9,0,False,Bearish,Neutral
$SCANX: Earnings/guidance movers https://t.co/YrPxLxDd6q,2,4,$SCANX earnings guidance movers,"['$SCANX', 'earnings', 'guidance', 'movers']",4,1,False,Bullish,Neutral
"Despite its strong ties to geopolitical events, gold is still driven by supply and demand.  https://t.co/d5nKtsma4S",2,16,"despite its strong ties to geopolitical events, gold is still driven by supply and demand.","['despite', 'its', 'strong', 'ties', 'to', 'geopolitical', 'events', 'gold', 'is', 'still', 'driven', 'by', 'supply', 'and', 'demand']",15,1,False,Bullish,Neutral
"XFL Players Who Kneel During the Anthem Will Face ‘Consequences’, Commissioner Says",2,12,"xfl players who kneel during the anthem will face consequences , commissioner says","['xfl', 'players', 'who', 'kneel', 'during', 'the', 'anthem', 'will', 'face', 'consequences', 'commissioner', 'says']",12,0,False,Bearish,Neutral
$TALKX: Market Briefing https://t.co/qKadK8u9pa,2,4,$TALKX market briefing,"['$TALKX', 'market', 'briefing']",3,1,False,Bullish,Neutral
Uber ready to join FANG after earnings - RBC,2,9,uber ready to join fang after earnings - rbc,"['uber', 'ready', 'to', 'join', 'fang', 'after', 'earnings', '-', 'rbc']",9,1,False,Bullish,Neutral
"$SDRL - Seadrill: Another Debt Restructuring In The Making, But Don't Bet On Bankruptcy This Time. Read more and si… https://t.co/ggd501LE5q",0,21,"$SDRL - seadrill another debt restructuring in the making, but don't bet on bankruptcy this time. read more and si","['$SDRL', '-', 'seadrill', 'another', 'debt', 'restructuring', 'in', 'the', 'making', 'but', ""don't"", 'bet', 'on', 'bankruptcy', 'this', 'time', 'read', 'more', 'and', 'si']",20,2,False,Neutral,Bearish
Why Disney+ is the only service that can rival Netflix,1,10,why disney is the only service that can rival netflix,"['why', 'disney', 'is', 'the', 'only', 'service', 'that', 'can', 'rival', 'netflix']",10,2,False,Neutral,Bullish
DOJ preps legal action against Live Nation - WSJ,0,9,doj preps legal action against live nation - wsj,"['doj', 'preps', 'legal', 'action', 'against', 'live', 'nation', '-', 'wsj']",9,2,False,Neutral,Bearish
$KOS - Kosmos inks Greater Tortue LNG supply deal with BP https://t.co/0a3CT4hQP6,1,12,$KOS - kosmos inks greater tortue lng supply deal with bp,"['$KOS', '-', 'kosmos', 'inks', 'greater', 'tortue', 'lng', 'supply', 'deal', 'with', 'bp']",11,2,False,Neutral,Bullish
"Medical Properties Trust, Inc. Completes 2019 With Record $4.5 Billion in Acquisitions for 64% Growth Rate and Delivers Market-Leading Shareholder Returns",1,21,"medical properties trust, inc. completes 2019 with record $4.5 billion in acquisitions for 64% growth rate and delivers market-leading shareholder returns","['medical', 'properties', 'trust', 'inc', 'completes', '2019', 'with', 'record', '$4.5', 'billion', 'in', 'acquisitions', 'for', '64%', 'growth', 'rate', 'and', 'delivers', 'market-leading', 'shareholder', 'returns']",21,2,False,Neutral,Bullish
"Stocks, Bonds, & Dollar Stumble As Traders Reach 'Peak FOMO' https://t.co/P9454JXHmT",0,11,"stocks, bonds, dollar stumble as traders reach 'peak fomo'","['stocks', 'bonds', 'dollar', 'stumble', 'as', 'traders', 'reach', ""'peak"", ""fomo'""]",9,1,False,Bullish,Bearish
US Forces Attack Boats Caught Smuggling Oil To Syrian Government https://t.co/sNowxtNXpw,2,11,us forces attack boats caught smuggling oil to syrian government,"['us', 'forces', 'attack', 'boats', 'caught', 'smuggling', 'oil', 'to', 'syrian', 'government']",10,0,False,Bearish,Neutral
Rising Crude Inventories Fail To Halt Oil Rally,1,8,rising crude inventories fail to halt oil rally,"['rising', 'crude', 'inventories', 'fail', 'to', 'halt', 'oil', 'rally']",8,0,False,Bearish,Bullish
Royal Mail Labor Troubles Put Long-Term Targets in Jeopardy,0,9,royal mail labor troubles put long-term targets in jeopardy,"['royal', 'mail', 'labor', 'troubles', 'put', 'long-term', 'targets', 'in', 'jeopardy']",9,2,False,Neutral,Bearish
UPDATE 2-U.S. safety board wants Boeing to redesign 737 NG part after fatal Southwest accident,0,15,update 2-u.s. safety board wants boeing to redesign 737 ng part after fatal southwest accident,"['update', '2-u.s', 'safety', 'board', 'wants', 'boeing', 'to', 'redesign', '737', 'ng', 'part', 'after', 'fatal', 'southwest', 'accident']",15,2,False,Neutral,Bearish
CAB: Why Assam Is The Epicentre Of Protests Against New Citizenship  Law,2,12,cab why assam is the epicentre of protests against new citizenship law,"['cab', 'why', 'assam', 'is', 'the', 'epicentre', 'of', 'protests', 'against', 'new', 'citizenship', 'law']",12,0,False,Bearish,Neutral
9 Energy Stocks Moving In Monday's Pre-Market Session,2,8,9 energy stocks moving in monday's pre-market session,"['9', 'energy', 'stocks', 'moving', 'in', ""monday's"", 'pre-market', 'session']",8,1,False,Bullish,Neutral
Macy's Q3 EPS 1 cent vs. 20 cents,0,8,macy's q3 eps 1 cent vs. 20 cents,"[""macy's"", 'q3', 'eps', '1', 'cent', 'vs', '20', 'cents']",8,1,False,Bullish,Bearish
"""The big threat is not so much the number of outstanding cash-out refis as it is the total dollar amount — $3.1 tri… https://t.co/gk9Qd0ewhc",2,24,the big threat is not so much the number of outstanding cash-out refis as it is the total dollar amount $3.1 tri,"['the', 'big', 'threat', 'is', 'not', 'so', 'much', 'the', 'number', 'of', 'outstanding', 'cash-out', 'refis', 'as', 'it', 'is', 'the', 'total', 'dollar', 'amount', '$3.1', 'tri']",22,0,False,Bearish,Neutral
"Just when it seemed like things couldn't get worse for Tesla after the botched unveiling of its Cybertruck, the int… https://t.co/VwpJZ2lDpg",0,21,"just when it seemed like things couldn't get worse for tesla after the botched unveiling of its cybertruck, the int","['just', 'when', 'it', 'seemed', 'like', 'things', ""couldn't"", 'get', 'worse', 'for', 'tesla', 'after', 'the', 'botched', 'unveiling', 'of', 'its', 'cybertruck', 'the', 'int']",20,2,False,Neutral,Bearish
U.S. Justice Department preparing legal action against Live Nation: source,0,10,u.s. justice department preparing legal action against live nation source,"['u.s', 'justice', 'department', 'preparing', 'legal', 'action', 'against', 'live', 'nation', 'source']",10,2,False,Neutral,Bearish
"The U.K.'s Women's Equality Party says politicians are letting them down ahead of #generalelection2019.

We spoke t… https://t.co/BBCVp5XEzx",2,18,the u.k.'s women's equality party says politicians are letting them down ahead of generalelection2019. we spoke t,"['the', ""u.k.'s"", ""women's"", 'equality', 'party', 'says', 'politicians', 'are', 'letting', 'them', 'down', 'ahead', 'of', 'generalelection2019', 'we', 'spoke', 't']",17,0,False,Bearish,Neutral
Bristol-Myers Squibb now sees 2020 revenue $40.5 bln to $42.5 bln,2,11,bristol-myers squibb now sees 2020 revenue $40.5 bln to $42.5 bln,"['bristol-myers', 'squibb', 'now', 'sees', '2020', 'revenue', '$40.5', 'bln', 'to', '$42.5', 'bln']",11,1,False,Bullish,Neutral
Bombay High Court Grants Bail To Peter Mukerjea In Sheena Bora Murder Case,2,13,bombay high court grants bail to peter mukerjea in sheena bora murder case,"['bombay', 'high', 'court', 'grants', 'bail', 'to', 'peter', 'mukerjea', 'in', 'sheena', 'bora', 'murder', 'case']",13,1,False,Bullish,Neutral
"Since sports betting became legal in the US, the gaming industry has been on the hunt for American consumers. Tony... https://t.co/28tJdLCY3o",2,21,"since sports betting became legal in the us, the gaming industry has been on the hunt for american consumers. tony...","['since', 'sports', 'betting', 'became', 'legal', 'in', 'the', 'us', 'the', 'gaming', 'industry', 'has', 'been', 'on', 'the', 'hunt', 'for', 'american', 'consumers', 'tony']",20,1,False,Bullish,Neutral
Today's Free Feature: The Technical Take: Markets Lift Above Two-Day Ranges $INDU $SPX $COMPQ $IWM $IYT $TNX $UUP… https://t.co/3dON5JsZHP,1,19,today's free feature the technical take markets lift above two-day ranges $INDU $SPX $COMPQ $IWM $IYT $TNX $UUP,"[""today's"", 'free', 'feature', 'the', 'technical', 'take', 'markets', 'lift', 'above', 'two-day', 'ranges', '$INDU', '$SPX', '$COMPQ', '$IWM', '$IYT', '$TNX', '$UUP']",18,2,False,Neutral,Bullish
S&P 500 joins Dow in negative territory after setting fresh intraday records in early trading,0,15,s p 500 joins dow in negative territory after setting fresh intraday records in early trading,"['s', 'p', '500', 'joins', 'dow', 'in', 'negative', 'territory', 'after', 'setting', 'fresh', 'intraday', 'records', 'in', 'early', 'trading']",16,1,False,Bullish,Bearish
$WE $SFTBF $SFTBY - SoftBank will win WeWork bet - Bernstein https://t.co/za9Sqd9wk8,1,12,$WE $SFTBF $SFTBY - softbank will win wework bet - bernstein,"['$WE', '$SFTBF', '$SFTBY', '-', 'softbank', 'will', 'win', 'wework', 'bet', '-', 'bernstein']",11,2,False,Neutral,Bullish
J&J retests baby powder days after asbestos finding,2,8,j j retests baby powder days after asbestos finding,"['j', 'j', 'retests', 'baby', 'powder', 'days', 'after', 'asbestos', 'finding']",9,1,False,Bullish,Neutral
$SBUX - Starbucks Likely Range Bound After Inconclusive Q4 2019 Earnings. Sign up for updates on Seeking Alpha!… https://t.co/I9CAnlrces,0,19,$SBUX - starbucks likely range bound after inconclusive q4 2019 earnings. sign up for updates on seeking alpha,"['$SBUX', '-', 'starbucks', 'likely', 'range', 'bound', 'after', 'inconclusive', 'q4', '2019', 'earnings', 'sign', 'up', 'for', 'updates', 'on', 'seeking', 'alpha']",18,1,False,Bullish,Bearish
$PXGYF - PAX Global Technology: A No-Brainer Investment. Read more: https://t.co/K0St5t9tTc #business #markets #trading,1,14,$PXGYF - pax global technology a no-brainer investment. read more business markets trading,"['$PXGYF', '-', 'pax', 'global', 'technology', 'a', 'no-brainer', 'investment', 'read', 'more', 'business', 'markets', 'trading']",13,2,False,Neutral,Bullish
"Video game revenue is projected to reach $174,000,000,000 this year, according to IDC. But there’s an issue many de… https://t.co/A6zTb3fb4X",1,20,"video game revenue is projected to reach $174,000,000,000 this year, according to idc. but there s an issue many de","['video', 'game', 'revenue', 'is', 'projected', 'to', 'reach', '$174,000,000,000', 'this', 'year', 'according', 'to', 'idc', 'but', 'there', 's', 'an', 'issue', 'many', 'de']",20,2,False,Neutral,Bullish
Qualcomm provides three-year targets,2,4,qualcomm provides three-year targets,"['qualcomm', 'provides', 'three-year', 'targets']",4,0,False,Bearish,Neutral
Needham's Martin Defends Her Prediction That Netflix Subscriptions Will Fall,0,10,needham's martin defends her prediction that netflix subscriptions will fall,"[""needham's"", 'martin', 'defends', 'her', 'prediction', 'that', 'netflix', 'subscriptions', 'will', 'fall']",10,2,False,Neutral,Bearish
"Amazon com : seeks to depose Trump, Esper in lawsuit over cloud computing contract #Amazoncom #Stock… https://t.co/VV5RlkaAZd",2,17,"amazon com seeks to depose trump, esper in lawsuit over cloud computing contract amazoncom stock","['amazon', 'com', 'seeks', 'to', 'depose', 'trump', 'esper', 'in', 'lawsuit', 'over', 'cloud', 'computing', 'contract', 'amazoncom', 'stock']",15,0,False,Bearish,Neutral
U.S. housing market regaining steam; manufacturing stabilizing,1,7,u.s. housing market regaining steam manufacturing stabilizing,"['u.s', 'housing', 'market', 'regaining', 'steam', 'manufacturing', 'stabilizing']",7,0,False,Bearish,Bullish
Global shares cautious ahead of US jobs data report,2,9,global shares cautious ahead of us jobs data report,"['global', 'shares', 'cautious', 'ahead', 'of', 'us', 'jobs', 'data', 'report']",9,0,False,Bearish,Neutral
VirnetX +5% after appeals court denies Apple bid,1,8,virnetx 5% after appeals court denies apple bid,"['virnetx', '5%', 'after', 'appeals', 'court', 'denies', 'apple', 'bid']",8,2,False,Neutral,Bullish
$SCANX: Today's most active stocks https://t.co/5bQ2f66MPH,2,6,$SCANX today's most active stocks,"['$SCANX', ""today's"", 'most', 'active', 'stocks']",5,1,False,Bullish,Neutral
Rains bring drought relief and hope to Australian farmers https://t.co/eTC9tqtevp,1,10,rains bring drought relief and hope to australian farmers,"['rains', 'bring', 'drought', 'relief', 'and', 'hope', 'to', 'australian', 'farmers']",9,2,False,Neutral,Bullish
"$ONCS $CODX $EURN - CIM, EURN among premarke losers https://t.co/vZ1VLfePly",0,10,"$ONCS $CODX $EURN - cim, eurn among premarke losers","['$ONCS', '$CODX', '$EURN', '-', 'cim', 'eurn', 'among', 'premarke', 'losers']",9,2,False,Neutral,Bearish
Aramco Up for Third Session With Eye on Passive Flows: Inside EM,1,12,aramco up for third session with eye on passive flows inside em,"['aramco', 'up', 'for', 'third', 'session', 'with', 'eye', 'on', 'passive', 'flows', 'inside', 'em']",12,2,False,Neutral,Bullish
$JSTLF $JSTTY - Just Eat shareholders told to stand down https://t.co/rDeUfBf3UT,2,11,$JSTLF $JSTTY - just eat shareholders told to stand down,"['$JSTLF', '$JSTTY', '-', 'just', 'eat', 'shareholders', 'told', 'to', 'stand', 'down']",10,0,False,Bearish,Neutral
"SocGen CEO: Confident We Can Improve Net income, Profitability in 2020",1,11,"socgen ceo confident we can improve net income, profitability in 2020","['socgen', 'ceo', 'confident', 'we', 'can', 'improve', 'net', 'income', 'profitability', 'in', '2020']",11,2,False,Neutral,Bullish
"$HD is down 10% to $213 a share since Nov. 18, just before the company beat expectations on third-quarter earnings… https://t.co/jSqHG82RCz",0,21,"$HD is down 10% to $213 a share since nov. 18, just before the company beat expectations on third-quarter earnings","['$HD', 'is', 'down', '10%', 'to', '$213', 'a', 'share', 'since', 'nov', '18', 'just', 'before', 'the', 'company', 'beat', 'expectations', 'on', 'third-quarter', 'earnings']",20,1,False,Bullish,Bearish
"$ELY - Callaway Golf EPS misses by $0.03, beats on revenue https://t.co/WWcCPLqZK5",2,12,"$ELY - callaway golf eps misses by $0.03, beats on revenue","['$ELY', '-', 'callaway', 'golf', 'eps', 'misses', 'by', '$0.03', 'beats', 'on', 'revenue']",11,1,False,Bullish,Neutral
Auto suppliers rally on tariff relief hopes,2,7,auto suppliers rally on tariff relief hopes,"['auto', 'suppliers', 'rally', 'on', 'tariff', 'relief', 'hopes']",7,1,False,Bullish,Neutral
$IBIO shor-term bottom is in. Loading zone https://t.co/Cw1b46v17J,1,8,$IBIO shor-term bottom is in. loading zone,"['$IBIO', 'shor-term', 'bottom', 'is', 'in', 'loading', 'zone']",7,2,False,Neutral,Bullish
"Hey, good news America: Investors are bailing on stocks",2,9,"hey, good news america investors are bailing on stocks","['hey', 'good', 'news', 'america', 'investors', 'are', 'bailing', 'on', 'stocks']",9,1,False,Bullish,Neutral
"Are Investors Undervaluing Lifetime Brands, Inc. (NASDAQ:LCUT) By 49%?",2,9,"are investors undervaluing lifetime brands, inc. nasdaq lcut by 49%","['are', 'investors', 'undervaluing', 'lifetime', 'brands', 'inc', 'nasdaq', 'lcut', 'by', '49%']",10,0,False,Bearish,Neutral
"$TSLA - Tesla's New Pickup Is Ugly, Sell; Also Week-End Rally Pattern Holding But Weakly. Get more updates here:… https://t.co/5w5TEy85xb",0,20,"$TSLA - tesla's new pickup is ugly, sell also week-end rally pattern holding but weakly. get more updates here","['$TSLA', '-', ""tesla's"", 'new', 'pickup', 'is', 'ugly', 'sell', 'also', 'week-end', 'rally', 'pattern', 'holding', 'but', 'weakly', 'get', 'more', 'updates', 'here']",19,2,False,Neutral,Bearish
42 arrested after protest delays Harvard-Yale football game https://t.co/DJvDBUrvv4,2,9,42 arrested after protest delays harvard-yale football game,"['42', 'arrested', 'after', 'protest', 'delays', 'harvard-yale', 'football', 'game']",8,0,False,Bearish,Neutral
Facebook under fire as political ads vanish from archive: FT https://t.co/4gXYZZSiWR https://t.co/NIfMVvmsj3,0,12,facebook under fire as political ads vanish from archive ft,"['facebook', 'under', 'fire', 'as', 'political', 'ads', 'vanish', 'from', 'archive', 'ft']",10,2,False,Neutral,Bearish
Why Passive Investing Might Be Distorting The Market (Podcast),2,9,why passive investing might be distorting the market podcast,"['why', 'passive', 'investing', 'might', 'be', 'distorting', 'the', 'market', 'podcast']",9,0,False,Bearish,Neutral
"Even After Its Latest Moves, Chesapeake Energy Stock Is Still Too Risky",0,12,"even after its latest moves, chesapeake energy stock is still too risky","['even', 'after', 'its', 'latest', 'moves', 'chesapeake', 'energy', 'stock', 'is', 'still', 'too', 'risky']",12,2,False,Neutral,Bearish
MaxLinear +1.3% as Needham leaves sidelines,1,6,maxlinear 1.3% as needham leaves sidelines,"['maxlinear', '1.3%', 'as', 'needham', 'leaves', 'sidelines']",6,0,False,Bearish,Bullish
"Just in: $TSLA lol 

https://t.co/yHyKcKaB9z",2,5,just in $TSLA lol,"['just', 'in', '$TSLA', 'lol']",4,1,False,Bullish,Neutral
The Trade Deal Will Intensify The U.S.-China Rivalry,2,8,the trade deal will intensify the u.s.-china rivalry,"['the', 'trade', 'deal', 'will', 'intensify', 'the', 'u.s.-china', 'rivalry']",8,1,False,Bullish,Neutral
Better Buy: AT&T vs. Verizon,2,5,better buy at t vs. verizon,"['better', 'buy', 'at', 't', 'vs', 'verizon']",6,1,False,Bullish,Neutral
"As vegan burgers get more popular, the beef industry is battling to clean up its image as a greenhouse-gas-emitting… https://t.co/WS1r4JQM1b",2,20,"as vegan burgers get more popular, the beef industry is battling to clean up its image as a greenhouse-gas-emitting","['as', 'vegan', 'burgers', 'get', 'more', 'popular', 'the', 'beef', 'industry', 'is', 'battling', 'to', 'clean', 'up', 'its', 'image', 'as', 'a', 'greenhouse-gas-emitting']",19,1,False,Bullish,Neutral
Newmont Goldcorp Is Poised to Outperform,1,6,newmont goldcorp is poised to outperform,"['newmont', 'goldcorp', 'is', 'poised', 'to', 'outperform']",6,2,False,Neutral,Bullish
Consumer sentiment improves quite a bit in December https://t.co/7z8UtlSz2g,1,9,consumer sentiment improves quite a bit in december,"['consumer', 'sentiment', 'improves', 'quite', 'a', 'bit', 'in', 'december']",8,2,False,Neutral,Bullish
"Fed's Mester sees 'downside risk' from coronavirus, but does not want to cut rates https://t.co/P6XtdRcjNI",2,15,"fed's mester sees 'downside risk' from coronavirus, but does not want to cut rates","[""fed's"", 'mester', 'sees', ""'downside"", ""risk'"", 'from', 'coronavirus', 'but', 'does', 'not', 'want', 'to', 'cut', 'rates']",14,0,False,Bearish,Neutral
$SEAC (-20.1% pre) SeaChange International Reports Fourth Quarter and Fiscal Year 2020 Financial Results - Accesswi… https://t.co/ZvnpKTeTnm,0,17,$SEAC -20.1% pre seachange international reports fourth quarter and fiscal year 2020 financial results - accesswi,"['$SEAC', '-20.1%', 'pre', 'seachange', 'international', 'reports', 'fourth', 'quarter', 'and', 'fiscal', 'year', '2020', 'financial', 'results', '-', 'accesswi']",16,2,False,Neutral,Bearish
"Forget 'Ides Of March', Washington 'Storms Of December' Loom Over ""The Holidays"" https://t.co/KK7SgNSh1E",0,13,"forget 'ides of march', washington 'storms of december' loom over the holidays","['forget', ""'ides"", 'of', ""march'"", 'washington', ""'storms"", 'of', ""december'"", 'loom', 'over', 'the', 'holidays']",12,2,False,Neutral,Bearish
"Leave with this --&gt;  It is only failure if you stay down after the fall.  Get back up, dust yourself off and start anew.",2,24,"leave with this -- it is only failure if you stay down after the fall. get back up, dust yourself off and start anew.","['leave', 'with', 'this', '--', 'it', 'is', 'only', 'failure', 'if', 'you', 'stay', 'down', 'after', 'the', 'fall', 'get', 'back', 'up', 'dust', 'yourself', 'off', 'and', 'start', 'anew']",24,0,False,Bearish,Neutral
Indonesia's Jokowi Warns of Economic Calamity From Forest Fires,2,9,indonesia's jokowi warns of economic calamity from forest fires,"[""indonesia's"", 'jokowi', 'warns', 'of', 'economic', 'calamity', 'from', 'forest', 'fires']",9,0,False,Bearish,Neutral
Burger King faces class action over Impossible Whooper,0,8,burger king faces class action over impossible whooper,"['burger', 'king', 'faces', 'class', 'action', 'over', 'impossible', 'whooper']",8,2,False,Neutral,Bearish
$LK - Citron and Muddy Waters at odds over Luckin Coffeee https://t.co/gkLLQ0bBQA,0,12,$LK - citron and muddy waters at odds over luckin coffeee,"['$LK', '-', 'citron', 'and', 'muddy', 'waters', 'at', 'odds', 'over', 'luckin', 'coffeee']",11,2,False,Neutral,Bearish
FCC Bigfoots Satellite Companies,0,4,fcc bigfoots satellite companies,"['fcc', 'bigfoots', 'satellite', 'companies']",4,2,False,Neutral,Bearish
TA Page SetUps: Slack $WORK: Dip-buying post-earnings could be an early read into a possible supply/demand shift-- https://t.co/v6W481eUIm,2,18,ta page setups slack $WORK dip-buying post-earnings could be an early read into a possible supply demand shift--,"['ta', 'page', 'setups', 'slack', '$WORK', 'dip-buying', 'post-earnings', 'could', 'be', 'an', 'early', 'read', 'into', 'a', 'possible', 'supply', 'demand', 'shift--']",18,0,False,Bearish,Neutral
$SLB - Schlumberger: Value Beginning To Emerge After Shares Halved Yet Again. https://t.co/KSbxamZPBa #stockmarket #stocks #business,1,16,$SLB - schlumberger value beginning to emerge after shares halved yet again. stockmarket stocks business,"['$SLB', '-', 'schlumberger', 'value', 'beginning', 'to', 'emerge', 'after', 'shares', 'halved', 'yet', 'again', 'stockmarket', 'stocks', 'business']",15,0,False,Bearish,Bullish
Trucking companies failing at nearly triple the rate of 2018,0,10,trucking companies failing at nearly triple the rate of 2018,"['trucking', 'companies', 'failing', 'at', 'nearly', 'triple', 'the', 'rate', 'of', '2018']",10,2,False,Neutral,Bearish
China debates drastically reducing or even abandoning its economic growth target https://t.co/teaFgtMN0p,0,12,china debates drastically reducing or even abandoning its economic growth target,"['china', 'debates', 'drastically', 'reducing', 'or', 'even', 'abandoning', 'its', 'economic', 'growth', 'target']",11,1,False,Bullish,Bearish
"Most Saudi Arabian banking stocks climbed, even as the main local gauge fell, ahead of Saudi Aramco’s giant listing https://t.co/mynKhbSGvk",1,20,"most saudi arabian banking stocks climbed, even as the main local gauge fell, ahead of saudi aramco s giant listing","['most', 'saudi', 'arabian', 'banking', 'stocks', 'climbed', 'even', 'as', 'the', 'main', 'local', 'gauge', 'fell', 'ahead', 'of', 'saudi', 'aramco', 's', 'giant', 'listing']",20,2,False,Neutral,Bullish
Hedge Funds Piling Into AudioCodes Ltd. (AUDC),1,7,hedge funds piling into audiocodes ltd. audc,"['hedge', 'funds', 'piling', 'into', 'audiocodes', 'ltd', 'audc']",7,2,False,Neutral,Bullish
"Utilities 'the most underappreciated sector,' T. Rowe Price analyst says",2,10,"utilities 'the most underappreciated sector,' t. rowe price analyst says","['utilities', ""'the"", 'most', 'underappreciated', ""sector,'"", 't', 'rowe', 'price', 'analyst', 'says']",10,0,False,Bearish,Neutral
"Elon Musk says Tesla has 187,000 orders for its Cybertruck, less than 48 hours after the broken-glass reveal https://t.co/AtBQDgnjUP",1,19,"elon musk says tesla has 187,000 orders for its cybertruck, less than 48 hours after the broken-glass reveal","['elon', 'musk', 'says', 'tesla', 'has', '187,000', 'orders', 'for', 'its', 'cybertruck', 'less', 'than', '48', 'hours', 'after', 'the', 'broken-glass', 'reveal']",18,0,False,Bearish,Bullish
"Biggest analyst calls of the day: Broadcom, AT&T, MSG Networks & more",2,12,"biggest analyst calls of the day broadcom, at t, msg networks more","['biggest', 'analyst', 'calls', 'of', 'the', 'day', 'broadcom', 'at', 't', 'msg', 'networks', 'more']",12,1,False,Bullish,Neutral
Shale gas producers have a lot of problems. Count hog manure and chicken guts among them. https://t.co/tAbbumYJj5,0,17,shale gas producers have a lot of problems. count hog manure and chicken guts among them.,"['shale', 'gas', 'producers', 'have', 'a', 'lot', 'of', 'problems', 'count', 'hog', 'manure', 'and', 'chicken', 'guts', 'among', 'them']",16,2,False,Neutral,Bearish
"US indices are having the best year since 2013, but large cap active funds are poised to see the worst year since 2016: BofA",2,24,"us indices are having the best year since 2013, but large cap active funds are poised to see the worst year since 2016 bofa","['us', 'indices', 'are', 'having', 'the', 'best', 'year', 'since', '2013', 'but', 'large', 'cap', 'active', 'funds', 'are', 'poised', 'to', 'see', 'the', 'worst', 'year', 'since', '2016', 'bofa']",24,1,False,Bullish,Neutral
"$PH - After A 20% Gain, Parker-Hannifin Is No Longer Attractive. Follow this and any other stock on Seeking Alpha!… https://t.co/ULf43yNaUz",0,21,"$PH - after a 20% gain, parker-hannifin is no longer attractive. follow this and any other stock on seeking alpha","['$PH', '-', 'after', 'a', '20%', 'gain', 'parker-hannifin', 'is', 'no', 'longer', 'attractive', 'follow', 'this', 'and', 'any', 'other', 'stock', 'on', 'seeking', 'alpha']",20,1,False,Bullish,Bearish
UPDATE 1-FDA declines to approve Adamis Pharma's Zimhi to treat opioid overdose,0,12,update 1-fda declines to approve adamis pharma's zimhi to treat opioid overdose,"['update', '1-fda', 'declines', 'to', 'approve', 'adamis', ""pharma's"", 'zimhi', 'to', 'treat', 'opioid', 'overdose']",12,1,False,Bullish,Bearish
Iranian Strike on U.S. Forces Roils Markets #index #MarketScreener https://t.co/fU5DTtl5Q5 https://t.co/JQHmnd54oH,0,11,iranian strike on u.s. forces roils markets index marketscreener,"['iranian', 'strike', 'on', 'u.s', 'forces', 'roils', 'markets', 'index', 'marketscreener']",9,2,False,Neutral,Bearish
$TRQ - Turquoise Hill: Strong Headwinds Ahead Of 2020. https://t.co/hIdbSHXWA7 #trading #business #finance,0,13,$TRQ - turquoise hill strong headwinds ahead of 2020. trading business finance,"['$TRQ', '-', 'turquoise', 'hill', 'strong', 'headwinds', 'ahead', 'of', '2020', 'trading', 'business', 'finance']",12,1,False,Bullish,Bearish
"Amazon sites could be added to ""Notorious Markets"" list https://t.co/D4yF7dMZzO https://t.co/2kkqzvUdVl",2,11,amazon sites could be added to notorious markets list,"['amazon', 'sites', 'could', 'be', 'added', 'to', 'notorious', 'markets', 'list']",9,1,False,Bullish,Neutral
"Yellen Blames ""Enormous Debt And Buybacks"" For Coming Default Wave; Morgan Stanley Says It's All The Fed's Fault  https://t.co/Ed0jVBpmhZ",0,19,yellen blames enormous debt and buybacks for coming default wave morgan stanley says it's all the fed's fault,"['yellen', 'blames', 'enormous', 'debt', 'and', 'buybacks', 'for', 'coming', 'default', 'wave', 'morgan', 'stanley', 'says', ""it's"", 'all', 'the', ""fed's"", 'fault']",18,2,False,Neutral,Bearish
Ford shakes up top management 3 days after weak profit outlook,0,11,ford shakes up top management 3 days after weak profit outlook,"['ford', 'shakes', 'up', 'top', 'management', '3', 'days', 'after', 'weak', 'profit', 'outlook']",11,1,False,Bullish,Bearish
"Leafly Jobs Report: Cannabis is the fastest-growing American industry, surpassing 240,000 jobs",1,12,"leafly jobs report cannabis is the fastest-growing american industry, surpassing 240,000 jobs","['leafly', 'jobs', 'report', 'cannabis', 'is', 'the', 'fastest-growing', 'american', 'industry', 'surpassing', '240,000', 'jobs']",12,0,False,Bearish,Bullish
"$USO $OIL $UWT - U.S. crude supply rose 6M barrels last week, API says https://t.co/0Qf1RRQIfp",0,15,"$USO $OIL $UWT - u.s. crude supply rose 6m barrels last week, api says","['$USO', '$OIL', '$UWT', '-', 'u.s', 'crude', 'supply', 'rose', '6m', 'barrels', 'last', 'week', 'api', 'says']",14,1,False,Bullish,Bearish
U.K. Regulator Keeps Energy Price Cap Stable ,2,7,u.k. regulator keeps energy price cap stable,"['u.k', 'regulator', 'keeps', 'energy', 'price', 'cap', 'stable']",7,1,False,Bullish,Neutral
"Stock Market Update: Apple trades in-line with broad market, but other FAANG stocks gain",2,14,"stock market update apple trades in-line with broad market, but other faang stocks gain","['stock', 'market', 'update', 'apple', 'trades', 'in-line', 'with', 'broad', 'market', 'but', 'other', 'faang', 'stocks', 'gain']",14,1,False,Bullish,Neutral
"$BOXL Holding for next week event. Long swing idea. Based on the chart, risk/reward looks favorable. https://t.co/rE1Z7QBdYL",2,17,"$BOXL holding for next week event. long swing idea. based on the chart, risk reward looks favorable.","['$BOXL', 'holding', 'for', 'next', 'week', 'event', 'long', 'swing', 'idea', 'based', 'on', 'the', 'chart', 'risk', 'reward', 'looks', 'favorable']",17,1,False,Bullish,Neutral
Why 51job Shares Dropped 15% Last Month,0,7,why 51job shares dropped 15% last month,"['why', '51job', 'shares', 'dropped', '15%', 'last', 'month']",7,1,False,Bullish,Bearish
"Corporate profits are flat in 2018, S&P is up 24%, or as Goldman says ""these returns likely would not have been pos… https://t.co/3FNHDnb4Ov",2,23,"corporate profits are flat in 2018, s p is up 24%, or as goldman says these returns likely would not have been pos","['corporate', 'profits', 'are', 'flat', 'in', '2018', 's', 'p', 'is', 'up', '24%', 'or', 'as', 'goldman', 'says', 'these', 'returns', 'likely', 'would', 'not', 'have', 'been', 'pos']",23,1,False,Bullish,Neutral
Coach Owner Tapestry Sales Top Estimates; Virus Impacts Forecast,1,9,coach owner tapestry sales top estimates virus impacts forecast,"['coach', 'owner', 'tapestry', 'sales', 'top', 'estimates', 'virus', 'impacts', 'forecast']",9,0,False,Bearish,Bullish
$CVX - Chevron prepares to restart oil output on Saudi-Kuwaiti border https://t.co/j8kjIXSngt,1,12,$CVX - chevron prepares to restart oil output on saudi-kuwaiti border,"['$CVX', '-', 'chevron', 'prepares', 'to', 'restart', 'oil', 'output', 'on', 'saudi-kuwaiti', 'border']",11,2,False,Neutral,Bullish
Here's What Analysts Are Forecasting For ConocoPhillips Company After Its Yearly Results,2,12,here's what analysts are forecasting for conocophillips company after its yearly results,"[""here's"", 'what', 'analysts', 'are', 'forecasting', 'for', 'conocophillips', 'company', 'after', 'its', 'yearly', 'results']",12,0,False,Bearish,Neutral
"$SP500 - The Bubble: Bigger, Fatter, Uglier. https://t.co/XSkbRhLMmg #stocks #stockmarket #finance",0,11,"$sp500 - the bubble bigger, fatter, uglier. stocks stockmarket finance","['$sp500', '-', 'the', 'bubble', 'bigger', 'fatter', 'uglier', 'stocks', 'stockmarket', 'finance']",10,2,False,Neutral,Bearish
Canadian official's email saying 737 MAX software must go reflects 'working-level' view - regulator #economy… https://t.co/YsadNU9YM7,2,16,canadian official's email saying 737 max software must go reflects 'working-level' view - regulator economy,"['canadian', ""official's"", 'email', 'saying', '737', 'max', 'software', 'must', 'go', 'reflects', ""'working-level'"", 'view', '-', 'regulator', 'economy']",15,0,False,Bearish,Neutral
"'Things are normalizing': ETF market action is 'encouraging' despite economic worries, investor says (via… https://t.co/8KwoMqVoHA",1,15,"'things are normalizing' etf market action is 'encouraging' despite economic worries, investor says via","[""'things"", 'are', ""normalizing'"", 'etf', 'market', 'action', 'is', ""'encouraging'"", 'despite', 'economic', 'worries', 'investor', 'says', 'via']",14,0,False,Bearish,Bullish
Brazilian real spikes after BCB signals rate cut pause,1,9,brazilian real spikes after bcb signals rate cut pause,"['brazilian', 'real', 'spikes', 'after', 'bcb', 'signals', 'rate', 'cut', 'pause']",9,0,False,Bearish,Bullish
Target has morphed into a model for how to avoid the retail apocalypse https://t.co/LY3p19otVo,1,14,target has morphed into a model for how to avoid the retail apocalypse,"['target', 'has', 'morphed', 'into', 'a', 'model', 'for', 'how', 'to', 'avoid', 'the', 'retail', 'apocalypse']",13,2,False,Neutral,Bullish
Albemarle CEO sees strong long-term lithium demand,2,7,albemarle ceo sees strong long-term lithium demand,"['albemarle', 'ceo', 'sees', 'strong', 'long-term', 'lithium', 'demand']",7,1,False,Bullish,Neutral
Thiel driving FB division on political ads - WSJ,0,9,thiel driving fb division on political ads - wsj,"['thiel', 'driving', 'fb', 'division', 'on', 'political', 'ads', '-', 'wsj']",9,2,False,Neutral,Bearish
"Tonight's business headlines: ▪ US markets close higher, but post weekly losses ▪ Tesla shares down after unveilin… https://t.co/xdMDJAj4XI",2,19,"tonight's business headlines us markets close higher, but post weekly losses tesla shares down after unveilin","[""tonight's"", 'business', 'headlines', 'us', 'markets', 'close', 'higher', 'but', 'post', 'weekly', 'losses', 'tesla', 'shares', 'down', 'after', 'unveilin']",16,0,False,Bearish,Neutral
Red Flags Emerge in U.S. Stocks With Insiders Rushing to Sell,0,11,red flags emerge in u.s. stocks with insiders rushing to sell,"['red', 'flags', 'emerge', 'in', 'u.s', 'stocks', 'with', 'insiders', 'rushing', 'to', 'sell']",11,2,False,Neutral,Bearish
"BP plans deep cuts to its carbon emissions by 2050, setting one of the oil sector's most ambitious targets, as part… https://t.co/3AcE3mzTVW",2,22,"bp plans deep cuts to its carbon emissions by 2050, setting one of the oil sector's most ambitious targets, as part","['bp', 'plans', 'deep', 'cuts', 'to', 'its', 'carbon', 'emissions', 'by', '2050', 'setting', 'one', 'of', 'the', 'oil', ""sector's"", 'most', 'ambitious', 'targets', 'as', 'part']",21,0,False,Bearish,Neutral
Vanguard Real Estate $VNQ sweep buys 4450 January $60 puts to open $4.90 to $5 offers after it retested a key support break this week,0,25,vanguard real estate $VNQ sweep buys 4450 january $60 puts to open $4.90 to $5 offers after it retested a key support break this week,"['vanguard', 'real', 'estate', '$VNQ', 'sweep', 'buys', '4450', 'january', '$60', 'puts', 'to', 'open', '$4.90', 'to', '$5', 'offers', 'after', 'it', 'retested', 'a', 'key', 'support', 'break', 'this', 'week']",25,2,False,Neutral,Bearish
Revealing The True Extent Of Exxon’s Natural Gas Blow Out,2,10,revealing the true extent of exxon s natural gas blow out,"['revealing', 'the', 'true', 'extent', 'of', 'exxon', 's', 'natural', 'gas', 'blow', 'out']",11,0,False,Bearish,Neutral
Fashion star Jane Shepherdson joins clothing rental start-up https://t.co/t0GZQaQybl,2,9,fashion star jane shepherdson joins clothing rental start-up,"['fashion', 'star', 'jane', 'shepherdson', 'joins', 'clothing', 'rental', 'start-up']",8,1,False,Bullish,Neutral
3 Top Growth Stocks to Buy in February,2,8,3 top growth stocks to buy in february,"['3', 'top', 'growth', 'stocks', 'to', 'buy', 'in', 'february']",8,1,False,Bullish,Neutral
Why MTY Food Group Inc.'s (TSE:MTY) High P/E Ratio Isn't Necessarily A Bad Thing,1,14,why mty food group inc.'s tse mty high p e ratio isn't necessarily a bad thing,"['why', 'mty', 'food', 'group', ""inc.'s"", 'tse', 'mty', 'high', 'p', 'e', 'ratio', ""isn't"", 'necessarily', 'a', 'bad', 'thing']",16,2,False,Neutral,Bullish
Rally May Stall For Malaysia Stock Market - Nasdaq,0,9,rally may stall for malaysia stock market - nasdaq,"['rally', 'may', 'stall', 'for', 'malaysia', 'stock', 'market', '-', 'nasdaq']",9,1,False,Bullish,Bearish
Futures traders are no longer fully pricing in a quarter-point cut from the Federal Reserve next year after the U.S… https://t.co/iiGPzuKrF6,2,21,futures traders are no longer fully pricing in a quarter-point cut from the federal reserve next year after the u.s,"['futures', 'traders', 'are', 'no', 'longer', 'fully', 'pricing', 'in', 'a', 'quarter-point', 'cut', 'from', 'the', 'federal', 'reserve', 'next', 'year', 'after', 'the', 'u.s']",20,0,False,Bearish,Neutral
"Financial markets latched on to figures suggesting that New York's coronavirus cases may have plateaued. As it is,… https://t.co/dUi7TdhmVj",1,19,"financial markets latched on to figures suggesting that new york's coronavirus cases may have plateaued. as it is,","['financial', 'markets', 'latched', 'on', 'to', 'figures', 'suggesting', 'that', 'new', ""york's"", 'coronavirus', 'cases', 'may', 'have', 'plateaued', 'as', 'it', 'is']",18,2,False,Neutral,Bullish
Skechers Stock Pops on Encouraging Earnings: What You Need to Know,1,11,skechers stock pops on encouraging earnings what you need to know,"['skechers', 'stock', 'pops', 'on', 'encouraging', 'earnings', 'what', 'you', 'need', 'to', 'know']",11,2,False,Neutral,Bullish
"U.S. breaks off defence cost talks, as South Korea balks at $5 billion demand",2,14,"u.s. breaks off defence cost talks, as south korea balks at $5 billion demand","['u.s', 'breaks', 'off', 'defence', 'cost', 'talks', 'as', 'south', 'korea', 'balks', 'at', '$5', 'billion', 'demand']",14,0,False,Bearish,Neutral
Boeing scraps for deals at Dubai Air Show,2,8,boeing scraps for deals at dubai air show,"['boeing', 'scraps', 'for', 'deals', 'at', 'dubai', 'air', 'show']",8,0,False,Bearish,Neutral
China LNG Force Majeure Rejected as Virus Chaos Sparks Dispute,2,10,china lng force majeure rejected as virus chaos sparks dispute,"['china', 'lng', 'force', 'majeure', 'rejected', 'as', 'virus', 'chaos', 'sparks', 'dispute']",10,0,False,Bearish,Neutral
"A California city designed as an anti-wildfire fortress is at risk of burning to the ground
https://t.co/zYaw65Q0cg",2,17,a california city designed as an anti-wildfire fortress is at risk of burning to the ground,"['a', 'california', 'city', 'designed', 'as', 'an', 'anti-wildfire', 'fortress', 'is', 'at', 'risk', 'of', 'burning', 'to', 'the', 'ground']",16,0,False,Bearish,Neutral
A Little Less Trade Uncertainty as 2019 Winds Down: Economy Week,1,11,a little less trade uncertainty as 2019 winds down economy week,"['a', 'little', 'less', 'trade', 'uncertainty', 'as', '2019', 'winds', 'down', 'economy', 'week']",11,0,False,Bearish,Bullish
"Crude oil futures rise, but support seen weak #crudeoil #matprem #MarketScreener https://t.co/eQjD8yUBJ6 https://t.co/c2vI3soF9F",2,13,"crude oil futures rise, but support seen weak crudeoil matprem marketscreener","['crude', 'oil', 'futures', 'rise', 'but', 'support', 'seen', 'weak', 'crudeoil', 'matprem', 'marketscreener']",11,0,False,Bearish,Neutral
"The last time Chinese stocks performed this poorly, the country was in the middle of a massive market meltdown https://t.co/Kzt3Uj0m4Y",0,20,"the last time chinese stocks performed this poorly, the country was in the middle of a massive market meltdown","['the', 'last', 'time', 'chinese', 'stocks', 'performed', 'this', 'poorly', 'the', 'country', 'was', 'in', 'the', 'middle', 'of', 'a', 'massive', 'market', 'meltdown']",19,2,False,Neutral,Bearish
"Apple and Microsoft helped lift the Dow industrials above 28000 for the first time earlier this month, underscoring… https://t.co/r4E08YGhXL",1,19,"apple and microsoft helped lift the dow industrials above 28000 for the first time earlier this month, underscoring","['apple', 'and', 'microsoft', 'helped', 'lift', 'the', 'dow', 'industrials', 'above', '28000', 'for', 'the', 'first', 'time', 'earlier', 'this', 'month', 'underscoring']",18,2,False,Neutral,Bullish
Germany’s Climate Targets at Risk After Underestimating Electricity Needs,2,9,germany s climate targets at risk after underestimating electricity needs,"['germany', 's', 'climate', 'targets', 'at', 'risk', 'after', 'underestimating', 'electricity', 'needs']",10,0,False,Bearish,Neutral
Global Medical REIT adds another bull to its herd,2,9,global medical reit adds another bull to its herd,"['global', 'medical', 'reit', 'adds', 'another', 'bull', 'to', 'its', 'herd']",9,1,False,Bullish,Neutral
Cadbury Candy Maker Sees ‘No Stopping of Growth’ in Demand,2,10,cadbury candy maker sees no stopping of growth in demand,"['cadbury', 'candy', 'maker', 'sees', 'no', 'stopping', 'of', 'growth', 'in', 'demand']",10,0,False,Bearish,Neutral
Australia's Jetstar to cut capacity in January as pilots dispute drags on,2,12,australia's jetstar to cut capacity in january as pilots dispute drags on,"[""australia's"", 'jetstar', 'to', 'cut', 'capacity', 'in', 'january', 'as', 'pilots', 'dispute', 'drags', 'on']",12,0,False,Bearish,Neutral
"Banks will need more capital buffers in a downturn, Rosengren says",2,11,"banks will need more capital buffers in a downturn, rosengren says","['banks', 'will', 'need', 'more', 'capital', 'buffers', 'in', 'a', 'downturn', 'rosengren', 'says']",11,0,False,Bearish,Neutral
Sizing Up the Fed's Historic Coronavirus Crisis Intervention #Samp;P500 #economy #MarketScreener… https://t.co/o4qzaZPUeG,2,12,sizing up the fed's historic coronavirus crisis intervention samp p500 economy marketscreener,"['sizing', 'up', 'the', ""fed's"", 'historic', 'coronavirus', 'crisis', 'intervention', 'samp', 'p500', 'economy', 'marketscreener']",12,0,False,Bearish,Neutral
$RCII: Rent-A-Center provides update - March revenues were off by about 5% versus last year https://t.co/Yh2mZAMlK6,0,16,$RCII rent-a-center provides update - march revenues were off by about 5% versus last year,"['$RCII', 'rent-a-center', 'provides', 'update', '-', 'march', 'revenues', 'were', 'off', 'by', 'about', '5%', 'versus', 'last', 'year']",15,2,False,Neutral,Bearish
Stock Market Update: Weekly jobless claims drop below consensus,1,9,stock market update weekly jobless claims drop below consensus,"['stock', 'market', 'update', 'weekly', 'jobless', 'claims', 'drop', 'below', 'consensus']",9,0,False,Bearish,Bullish
$MKD - Molecular Data Starts U.S. IPO Process. Subscribe to Seeking Alpha for more: https://t.co/On9c78FkzN #economy #trading #business,2,18,$MKD - molecular data starts u.s. ipo process. subscribe to seeking alpha for more economy trading business,"['$MKD', '-', 'molecular', 'data', 'starts', 'u.s', 'ipo', 'process', 'subscribe', 'to', 'seeking', 'alpha', 'for', 'more', 'economy', 'trading', 'business']",17,1,False,Bullish,Neutral
Wall Street bull Jim Paulsen sees the economy getting stronger but warns of coming pain,2,15,wall street bull jim paulsen sees the economy getting stronger but warns of coming pain,"['wall', 'street', 'bull', 'jim', 'paulsen', 'sees', 'the', 'economy', 'getting', 'stronger', 'but', 'warns', 'of', 'coming', 'pain']",15,0,False,Bearish,Neutral
$ENPH - Enphase: Promising Growth Vision. https://t.co/LoJocgYZfq #investing #finance #trading,1,10,$ENPH - enphase promising growth vision. investing finance trading,"['$ENPH', '-', 'enphase', 'promising', 'growth', 'vision', 'investing', 'finance', 'trading']",9,0,False,Bearish,Bullish
Gold Suddenly Hammered By Multi-Billion-Dollar Sale  https://t.co/aZrE20B3DJ,0,7,gold suddenly hammered by multi-billion-dollar sale,"['gold', 'suddenly', 'hammered', 'by', 'multi-billion-dollar', 'sale']",6,1,False,Bullish,Bearish
$CMTL $CMTL $CHL - Comtech +14.5% after order from top Chinese carrier https://t.co/4cqV5fnS1O,1,13,$CMTL $CMTL $CHL - comtech 14.5% after order from top chinese carrier,"['$CMTL', '$CMTL', '$CHL', '-', 'comtech', '14.5%', 'after', 'order', 'from', 'top', 'chinese', 'carrier']",12,0,False,Bearish,Bullish
"India Business Will Show Market-Beating Growth In Next Few Quarters, Says Cipla CEO",1,13,"india business will show market-beating growth in next few quarters, says cipla ceo","['india', 'business', 'will', 'show', 'market-beating', 'growth', 'in', 'next', 'few', 'quarters', 'says', 'cipla', 'ceo']",13,0,False,Bearish,Bullish
OPEC's share of Indian oil imports in October hits lowest since 2011,2,12,opec's share of indian oil imports in october hits lowest since 2011,"[""opec's"", 'share', 'of', 'indian', 'oil', 'imports', 'in', 'october', 'hits', 'lowest', 'since', '2011']",12,1,False,Bullish,Neutral
Istanbul mulls Eurobond issue after banks balk at funding the city https://t.co/ZoZC6W91EV,2,12,istanbul mulls eurobond issue after banks balk at funding the city,"['istanbul', 'mulls', 'eurobond', 'issue', 'after', 'banks', 'balk', 'at', 'funding', 'the', 'city']",11,0,False,Bearish,Neutral
Hedge Funds Aren’t Done Buying California Water Service Group (CWT),1,10,hedge funds aren t done buying california water service group cwt,"['hedge', 'funds', 'aren', 't', 'done', 'buying', 'california', 'water', 'service', 'group', 'cwt']",11,0,False,Bearish,Bullish
Cinedigm Corp. Analysts Are Cutting Their Estimates: Here's What You Need To Know,0,13,cinedigm corp. analysts are cutting their estimates here's what you need to know,"['cinedigm', 'corp', 'analysts', 'are', 'cutting', 'their', 'estimates', ""here's"", 'what', 'you', 'need', 'to', 'know']",13,2,False,Neutral,Bearish
The SEC issued suspension orders for dental supplier No Borders Inc. and apparel maker Sandy Steele Unlimited Inc.… https://t.co/eb0ZFlNgjl,0,19,the sec issued suspension orders for dental supplier no borders inc. and apparel maker sandy steele unlimited inc.,"['the', 'sec', 'issued', 'suspension', 'orders', 'for', 'dental', 'supplier', 'no', 'borders', 'inc', 'and', 'apparel', 'maker', 'sandy', 'steele', 'unlimited', 'inc']",18,2,False,Neutral,Bearish
EIA Natural Gas Report is due in 5 minutes and the Petroleum Report is due 30 minutes after that.,2,19,eia natural gas report is due in 5 minutes and the petroleum report is due 30 minutes after that.,"['eia', 'natural', 'gas', 'report', 'is', 'due', 'in', '5', 'minutes', 'and', 'the', 'petroleum', 'report', 'is', 'due', '30', 'minutes', 'after', 'that']",19,0,False,Bearish,Neutral
France Won’t Exclude Huawei From 5G Networks: Pannier-Runacher,1,8,france won t exclude huawei from 5g networks pannier-runacher,"['france', 'won', 't', 'exclude', 'huawei', 'from', '5g', 'networks', 'pannier-runacher']",9,2,False,Neutral,Bullish
"ICYMI, @ViacomCBS is now on Nasdaq $VIAC! 

👋 to

@ParamountPics 
@MTV 
@Nickelodeon 
@ComedyCentral 
@BET… https://t.co/phNliFaKzX",2,15,"icymi, is now on nasdaq $VIAC to","['icymi', 'is', 'now', 'on', 'nasdaq', '$VIAC', 'to']",7,1,False,Bullish,Neutral
Novartis to cut 150 jobs at Shanghai site in shift to commercial development,0,13,novartis to cut 150 jobs at shanghai site in shift to commercial development,"['novartis', 'to', 'cut', '150', 'jobs', 'at', 'shanghai', 'site', 'in', 'shift', 'to', 'commercial', 'development']",13,2,False,Neutral,Bearish
$LNVGY - Lenovo Group: Core PC Business Delivers Strong Performance But Future Growth Could Slow. Read more:… https://t.co/iEiRaxz6Sx,2,18,$LNVGY - lenovo group core pc business delivers strong performance but future growth could slow. read more,"['$LNVGY', '-', 'lenovo', 'group', 'core', 'pc', 'business', 'delivers', 'strong', 'performance', 'but', 'future', 'growth', 'could', 'slow', 'read', 'more']",17,1,False,Bullish,Neutral
U.S. total weekly active drilling-rig count unchanged at 790: Baker Hughes,2,11,u.s. total weekly active drilling-rig count unchanged at 790 baker hughes,"['u.s', 'total', 'weekly', 'active', 'drilling-rig', 'count', 'unchanged', 'at', '790', 'baker', 'hughes']",11,1,False,Bullish,Neutral
America’s states are increasing their spending at the fastest pace since the end of the Great Recession https://t.co/TbYaIrKXGO,1,18,america s states are increasing their spending at the fastest pace since the end of the great recession,"['america', 's', 'states', 'are', 'increasing', 'their', 'spending', 'at', 'the', 'fastest', 'pace', 'since', 'the', 'end', 'of', 'the', 'great', 'recession']",18,0,False,Bearish,Bullish
"Stocks indexes edge higher for the day, lower for the week https://t.co/BRAUhY2mLn",2,12,"stocks indexes edge higher for the day, lower for the week","['stocks', 'indexes', 'edge', 'higher', 'for', 'the', 'day', 'lower', 'for', 'the', 'week']",11,0,False,Bearish,Neutral
A Chinese move on intellectual property is a promising sign for trade talks. The Open panel discusses… https://t.co/K7sRyhXOtB,1,18,a chinese move on intellectual property is a promising sign for trade talks. the open panel discusses,"['a', 'chinese', 'move', 'on', 'intellectual', 'property', 'is', 'a', 'promising', 'sign', 'for', 'trade', 'talks', 'the', 'open', 'panel', 'discusses']",17,2,False,Neutral,Bullish
$ACB (+0.4% pre) Aurora Cannabis sets early conversion price - SA https://t.co/3CJO7WKWyx,1,12,$ACB 0.4% pre aurora cannabis sets early conversion price - sa,"['$ACB', '0.4%', 'pre', 'aurora', 'cannabis', 'sets', 'early', 'conversion', 'price', '-', 'sa']",11,0,False,Bearish,Bullish
$F - Ford Presents A Safe 6.6% Return With A High Margin Of Safety. Read more: https://t.co/1tXzCl73jL #trading #economy #markets,1,20,$F - ford presents a safe 6.6% return with a high margin of safety. read more trading economy markets,"['$F', '-', 'ford', 'presents', 'a', 'safe', '6.6%', 'return', 'with', 'a', 'high', 'margin', 'of', 'safety', 'read', 'more', 'trading', 'economy', 'markets']",19,2,False,Neutral,Bullish
Fun fact: there are about 35 million people still in credit-card debt from last year’s round of holiday shopping. H… https://t.co/jCGa4zu6Nl,0,21,fun fact there are about 35 million people still in credit-card debt from last year s round of holiday shopping. h,"['fun', 'fact', 'there', 'are', 'about', '35', 'million', 'people', 'still', 'in', 'credit-card', 'debt', 'from', 'last', 'year', 's', 'round', 'of', 'holiday', 'shopping', 'h']",21,2,False,Neutral,Bearish
$CIEN - Ciena's Drivers Help Offset Some Of The Covid-19 Uncertainty. https://t.co/80DZBMHNUy #economy #stockmarket #stocks,1,15,$CIEN - ciena's drivers help offset some of the covid-19 uncertainty. economy stockmarket stocks,"['$CIEN', '-', ""ciena's"", 'drivers', 'help', 'offset', 'some', 'of', 'the', 'covid-19', 'uncertainty', 'economy', 'stockmarket', 'stocks']",14,0,False,Bearish,Bullish
The amount of electricity generated from coal jumped 7% in the developing world last year https://t.co/w7O7NKroiV,1,16,the amount of electricity generated from coal jumped 7% in the developing world last year,"['the', 'amount', 'of', 'electricity', 'generated', 'from', 'coal', 'jumped', '7%', 'in', 'the', 'developing', 'world', 'last', 'year']",15,0,False,Bearish,Bullish
Disney Is Ready to Drop a Bomb on Netflix in This Huge Market,2,13,disney is ready to drop a bomb on netflix in this huge market,"['disney', 'is', 'ready', 'to', 'drop', 'a', 'bomb', 'on', 'netflix', 'in', 'this', 'huge', 'market']",13,1,False,Bullish,Neutral
Boyd Gaming pulls off financing move,2,6,boyd gaming pulls off financing move,"['boyd', 'gaming', 'pulls', 'off', 'financing', 'move']",6,0,False,Bearish,Neutral
Brazil's Current Account Deficit Widened in October #economy #MarketScreener https://t.co/1dGgeQT3Ce https://t.co/1NhFZdGTcf,0,11,brazil's current account deficit widened in october economy marketscreener,"[""brazil's"", 'current', 'account', 'deficit', 'widened', 'in', 'october', 'economy', 'marketscreener']",9,2,False,Neutral,Bearish
Applied DNA Sciences +6% premarket on FQ1 results,1,8,applied dna sciences 6% premarket on fq1 results,"['applied', 'dna', 'sciences', '6%', 'premarket', 'on', 'fq1', 'results']",8,2,False,Neutral,Bullish
"S&P, Dow fall as Nasdaq inches up",2,7,"s p, dow fall as nasdaq inches up","['s', 'p', 'dow', 'fall', 'as', 'nasdaq', 'inches', 'up']",8,1,False,Bullish,Neutral
Stocks finish mixed as Nasdaq logs third consecutive all-time closing high,2,11,stocks finish mixed as nasdaq logs third consecutive all-time closing high,"['stocks', 'finish', 'mixed', 'as', 'nasdaq', 'logs', 'third', 'consecutive', 'all-time', 'closing', 'high']",11,1,False,Bullish,Neutral
$GTX: Garrett Motion withdraws FY 20 guidance https://t.co/FcJ3is9qU4,0,8,$GTX garrett motion withdraws fy 20 guidance,"['$GTX', 'garrett', 'motion', 'withdraws', 'fy', '20', 'guidance']",7,2,False,Neutral,Bearish
"The latest pre-open #analysis of #news, #data driving the #market https://t.co/2JWcYQceMg #PageOne $SPY $DIA $QQQ… https://t.co/X96M6stFge",2,16,"the latest pre-open analysis of news, data driving the market pageone $SPY $DIA $QQQ","['the', 'latest', 'pre-open', 'analysis', 'of', 'news', 'data', 'driving', 'the', 'market', 'pageone', '$SPY', '$DIA', '$QQQ']",14,1,False,Bullish,Neutral
"CITRON SAYS IT'S LONG ON LUCKIN COFFEE

MW vs CItron",1,10,citron says it's long on luckin coffee mw vs citron,"['citron', 'says', ""it's"", 'long', 'on', 'luckin', 'coffee', 'mw', 'vs', 'citron']",10,2,False,Neutral,Bullish
Stock Market Update: WTI crude gives back 1% amid nervous-sounding trade headline,0,12,stock market update wti crude gives back 1% amid nervous-sounding trade headline,"['stock', 'market', 'update', 'wti', 'crude', 'gives', 'back', '1%', 'amid', 'nervous-sounding', 'trade', 'headline']",12,1,False,Bullish,Bearish
"Eagle Point NII in-line, misses on total investment income",2,9,"eagle point nii in-line, misses on total investment income","['eagle', 'point', 'nii', 'in-line', 'misses', 'on', 'total', 'investment', 'income']",9,0,False,Bearish,Neutral
Why Tiffany Stock Just Popped 6%,1,6,why tiffany stock just popped 6%,"['why', 'tiffany', 'stock', 'just', 'popped', '6%']",6,2,False,Neutral,Bullish
Long-Term: Lean Hog Prices Set To Rebound. https://t.co/rUUbENIlsY #markets #finance #investing,1,11,long-term lean hog prices set to rebound. markets finance investing,"['long-term', 'lean', 'hog', 'prices', 'set', 'to', 'rebound', 'markets', 'finance', 'investing']",10,2,False,Neutral,Bullish
When Will Amarin Stock Sell-Off Be Over?,2,7,when will amarin stock sell-off be over,"['when', 'will', 'amarin', 'stock', 'sell-off', 'be', 'over']",7,0,False,Bearish,Neutral
$CY (+1.7% pre) Infineon Technologies $INFN : announces final regulatory approval for acquisition of Cypress Semico… https://t.co/PJDZnNMXdG,1,17,$CY 1.7% pre infineon technologies $INFN announces final regulatory approval for acquisition of cypress semico,"['$CY', '1.7%', 'pre', 'infineon', 'technologies', '$INFN', 'announces', 'final', 'regulatory', 'approval', 'for', 'acquisition', 'of', 'cypress', 'semico']",15,2,False,Neutral,Bullish
UAE stimulus to help bank liquidity but may increase problem loans - Moody's #economy #MarketScreener… https://t.co/8rGhax4y8C,0,16,uae stimulus to help bank liquidity but may increase problem loans - moody's economy marketscreener,"['uae', 'stimulus', 'to', 'help', 'bank', 'liquidity', 'but', 'may', 'increase', 'problem', 'loans', '-', ""moody's"", 'economy', 'marketscreener']",15,2,False,Neutral,Bearish
Did IDEX Corporation's (NYSE:IEX) Recent Earnings Growth Beat The Trend?,2,10,did idex corporation's nyse iex recent earnings growth beat the trend,"['did', 'idex', ""corporation's"", 'nyse', 'iex', 'recent', 'earnings', 'growth', 'beat', 'the', 'trend']",11,1,False,Bullish,Neutral
U.S. Claims for Jobless Benefits Fall to Lowest Since April,1,10,u.s. claims for jobless benefits fall to lowest since april,"['u.s', 'claims', 'for', 'jobless', 'benefits', 'fall', 'to', 'lowest', 'since', 'april']",10,0,False,Bearish,Bullish
DNA testing company Veritas Genetics is suspending American operations and cutting all U.S. staff after a financing… https://t.co/LZZNsdU41T,0,18,dna testing company veritas genetics is suspending american operations and cutting all u.s. staff after a financing,"['dna', 'testing', 'company', 'veritas', 'genetics', 'is', 'suspending', 'american', 'operations', 'and', 'cutting', 'all', 'u.s', 'staff', 'after', 'a', 'financing']",17,2,False,Neutral,Bearish
Air Astana says signs letter of intent for 30 Boeing 737 MAX,2,12,air astana says signs letter of intent for 30 boeing 737 max,"['air', 'astana', 'says', 'signs', 'letter', 'of', 'intent', 'for', '30', 'boeing', '737', 'max']",12,0,False,Bearish,Neutral
$CHFS red to green type move soon.,1,7,$CHFS red to green type move soon.,"['$CHFS', 'red', 'to', 'green', 'type', 'move', 'soon']",7,0,False,Bearish,Bullish
6 Stocks With a Low Price-Sales Ratio,2,7,6 stocks with a low price-sales ratio,"['6', 'stocks', 'with', 'a', 'low', 'price-sales', 'ratio']",7,1,False,Bullish,Neutral
Salesforce on watch as DreamForce event ramps up,2,8,salesforce on watch as dreamforce event ramps up,"['salesforce', 'on', 'watch', 'as', 'dreamforce', 'event', 'ramps', 'up']",8,1,False,Bullish,Neutral
